{
  "minecraft:recipes/redstone/stone_button": {
    "criteria": {
      "has_stone": "2022-01-07 22:03:43 +0100"
    },
    "done": true
  },
  "minecraft:recipes/building_blocks/stonebrick": {
    "criteria": {
      "has_stone": "2022-01-07 22:03:43 +0100"
    },
    "done": true
  },
  "minecraft:recipes/building_blocks/stone_slab": {
    "criteria": {
      "has_stone": "2022-01-07 22:03:43 +0100"
    },
    "done": true
  },
  "minecraft:recipes/redstone/stone_pressure_plate": {
    "criteria": {
      "has_stone": "2022-01-07 22:03:43 +0100"
    },
    "done": true
  },
  "minecraft:adventure/adventuring_time": {
    "criteria": {
      "plains": "2022-01-07 22:03:43 +0100"
    },
    "done": false
  }
}