{
  "minecraft:recipes/decorations/anvil": {
    "criteria": {
      "has_iron_block": "2021-04-06 13:07:15 +0200"
    },
    "done": true
  },
  "minecraft:recipes/decorations/chest": {
    "criteria": {
      "has_lots_of_items": "2021-04-06 13:09:03 +0200"
    },
    "done": true
  },
  "minecraft:recipes/redstone/repeater": {
    "criteria": {
      "has_redstone_torch": "2021-04-06 13:08:52 +0200"
    },
    "done": true
  },
  "minecraft:recipes/misc/iron_ingot_from_block": {
    "criteria": {
      "has_iron_block": "2021-04-06 13:07:15 +0200"
    },
    "done": true
  },
  "minecraft:adventure/adventuring_time": {
    "criteria": {
      "plains": "2021-04-05 15:50:56 +0200"
    },
    "done": false
  }
}