{"stat.dropperInspected":2,"stat.walkOneCm":17140,"stat.useItem.portalgun.item_portalgun":3,"stat.leaveGame":1,"stat.drop.portalblocks.double_panel_stained":1,"stat.pickup.minecraft.redstone_lamp":1,"stat.flyOneCm":14116,"stat.drop":2,"stat.jump":88,"stat.drop.minecraft.redstone_lamp":1,"stat.playOneMinute":7045,"stat.sneakTime":114,"stat.pickup.minecraft.redstone":1,"stat.crouchOneCm":285,"stat.pickup.portalblocks.double_panel_stained":1,"stat.timeSinceDeath":7045,"stat.pickup.minecraft.dropper":1,"stat.sprintOneCm":6877,"stat.useItem.minecraft.stone_slab2":33}