{"stat.useItem.portalblocks.double_panel_stained":1,"stat.walkOneCm":46902,"stat.useItem.portalgun.item_portalgun":4,"stat.useItem.portalblocks.quad_panel_black":1,"stat.leaveGame":1,"stat.useItem.portalstuff.smart_wire":4,"stat.useItem.portalblocks.panel_black":4,"stat.useItem.portalblocks.frame_yellow":1,"stat.jump":72,"stat.crouchOneCm":1954,"stat.pickup.portalblocks.double_panel_stained":1,"stat.useItem.portalblocks.pedestalbutton":2,"stat.sprintOneCm":4643,"stat.useItem.portalblocks.double_panel_white":1,"stat.useItem.minecraft.stone_slab2":48,"stat.useItem.portalblocks.floorbutton":2,"stat.useItem.portalblocks.portal_door":2,"stat.useItem.portalblocks.panel_black_grid":4,"stat.flyOneCm":30646,"stat.playOneMinute":23233,"stat.useItem.portalblocks.light":9,"stat.useItem.portalblocks.double_panel_black":1,"stat.sneakTime":668,"stat.useItem.portalblocks.panel_white":7,"stat.timeSinceDeath":23233,"stat.useItem.portalblocks.panel_white_grid":2,"stat.useItem.portalblocks.frame_black":1}