{"stat.flyOneCm":34910,"stat.walkOneCm":82182,"stat.useItem.portalgun.item_portalgun":2,"stat.jump":123,"stat.playOneMinute":21641,"stat.pickup.minecraft.repeater":1,"stat.useItem.minecraft.repeater":15,"stat.useItem.minecraft.redstone":5,"stat.sneakTime":30,"stat.useItem.minecraft.wooden_button":4,"stat.pickup.minecraft.redstone":1,"stat.crouchOneCm":81,"stat.timeSinceDeath":21641,"stat.useItem.minecraft.lava_bucket":8,"stat.pickup.portalreloaded.entity_placer":2,"stat.sprintOneCm":46984,"stat.useItem.minecraft.stone_slab2":153,"stat.pickup.minecraft.wooden_button":1}