{
  "minecraft:recipes/transportation/acacia_boat": {
    "criteria": {
      "entered_water": "2022-01-05 17:59:31 +0100"
    },
    "done": true
  },
  "minecraft:recipes/transportation/dark_oak_boat": {
    "criteria": {
      "entered_water": "2022-01-05 17:59:31 +0100"
    },
    "done": true
  },
  "minecraft:recipes/transportation/birch_boat": {
    "criteria": {
      "entered_water": "2022-01-05 17:59:31 +0100"
    },
    "done": true
  },
  "minecraft:recipes/transportation/boat": {
    "criteria": {
      "entered_water": "2022-01-05 17:59:31 +0100"
    },
    "done": true
  },
  "minecraft:recipes/transportation/jungle_boat": {
    "criteria": {
      "entered_water": "2022-01-05 17:59:31 +0100"
    },
    "done": true
  },
  "minecraft:recipes/transportation/spruce_boat": {
    "criteria": {
      "entered_water": "2022-01-05 17:59:31 +0100"
    },
    "done": true
  },
  "minecraft:adventure/adventuring_time": {
    "criteria": {
      "forest": "2022-01-05 17:55:39 +0100",
      "plains": "2022-01-05 17:56:27 +0100"
    },
    "done": false
  }
}